fold,accuracy,f1,roc_auc
1,0.9915611814345991,0.9863013698630136,0.9988215488215488
2,0.9829787234042553,0.9714285714285714,0.9994847131569907
3,0.9409282700421941,0.9090909090909091,0.9892255892255892
4,0.9956896551724138,0.9927007299270073,1.0
5,0.9578059071729957,0.9305555555555556,0.9893093500763619
mean,0.9737927474452917,0.9580154271730115,0.9953682402560983
