fold,accuracy,f1,roc_auc
1,0.9873417721518988,0.9793103448275862,0.9976010101010102
2,0.9914893617021276,0.9857142857142858,0.9990123668842322
3,0.9493670886075949,0.9178082191780822,0.9860690235690236
4,0.9956896551724138,0.9927007299270073,1.0
5,0.9578059071729957,0.9315068493150684,0.9753096894620736
mean,0.9763387569614063,0.961408085792406,0.991598418003268
